{"accuracy": [0.5809999704360962, 0.7616296410560608, 0.8043888807296753, 0.8294444680213928, 0.8447962999343872, 0.8549814820289612, 0.8622778058052063, 0.8703703880310059, 0.874740719795227], "loss": [1.4131066799163818, 0.8247639536857605, 0.6781997680664062, 0.5920904278755188, 0.5374748706817627, 0.49988046288490295, 0.47337907552719116, 0.44646355509757996, 0.4228096306324005], "val_accuracy": [0.8146666884422302, 0.8456666469573975, 0.8820000290870667, 0.8865000009536743, 0.890999972820282, 0.9035000205039978, 0.902999997138977, 0.9014999866485596, 0.9085000157356262], "val_loss": [0.6418768167495728, 0.5485754609107971, 0.447562575340271, 0.4085971713066101, 0.38440296053886414, 0.3346927762031555, 0.3529970347881317, 0.37552115321159363, 0.33699774742126465]}